{"5-destinos-islas-del-rosario":{"nombre":"5 Destinos \/ Islas del Rosario (Day Tour)","precio_cop":"340000","rango_adulto":"10+","precio_nino":"290000","rango_nino":"4 a 9 a\u00f1os"},"amare-beach-club":{"nombre":"Amare Beach Club","precio_cop":"195000","rango_adulto":"12+","precio_nino":"30000","rango_nino":"0 a 11 a\u00f1os"},"atardecer-en-barco":{"nombre":"Atardecer en Barco","precio_cop":"165000","rango_adulto":"12+","precio_nino":"82500","rango_nino":"4 a 11 a\u00f1os"},"atardecer-en-baru-plancton":{"nombre":"Atardecer en Bar\u00fa \/ Plancton","precio_cop":"150000","rango_adulto":"10+","precio_nino":"130000","rango_nino":"5 a 9 a\u00f1os"},"atardecer-en-catamaran":{"nombre":"Atardecer en Catamar\u00e1n","precio_cop":"155000","rango_adulto":"13+","precio_nino":"120000","rango_nino":"5 a 12 a\u00f1os"},"aviario-baru-day-tour":{"nombre":"Aviario \/ Bar\u00fa (Day Tour)","precio_cop":"140000","rango_adulto":"10+","precio_nino":"120000","rango_nino":"5 a 9 a\u00f1os"},"barranquilla-y-santa-marta":{"nombre":"Barranquilla y Santa Marta (Day Tour)","precio_cop":"270000","rango_adulto":"10+","precio_nino":"240000","rango_nino":"4 a 9 a\u00f1os"},"bela-beach-day-pass":{"nombre":"Bela Beach (Day pass)","precio_cop":"390000","rango_adulto":"11+","precio_nino":"300000","rango_nino":"3 a 10 a\u00f1os"},"bora-bora-beach-club":{"nombre":"Bora Bora Beach Club (Day pass)","precio_cop":"370000","rango_adulto":"18+","precio_nino":0,"rango_nino":""},"bora-bora-beach-club-vip":{"nombre":"Bora Bora Beach Club (VIP Day pass)","precio_cop":"470000","rango_adulto":"18+","precio_nino":0,"rango_nino":""},"capri-beach-club":{"nombre":"Capri Beach Club (Day pass)","precio_cop":"460000","rango_adulto":"10+","precio_nino":"300000","rango_nino":"5 a 9 a\u00f1os"},"cena-en-barco":{"nombre":"Cena en Barco","precio_cop":"300000","rango_adulto":"12+","precio_nino":"150000","rango_nino":"4 a 11 a\u00f1os"},"city-tour-castillo-san-felipe":{"nombre":"City Tour \/ Castillo San Felipe","precio_cop":"100000","rango_adulto":"","precio_nino":"75000","rango_nino":"6 a 9 a\u00f1os"},"corona-island":{"nombre":"Corona Island (Day pass)","precio_cop":"770000","rango_adulto":"18+","precio_nino":0,"rango_nino":""},"isla-del-pirata":{"nombre":"Isla del Pirata (Day pass)","precio_cop":"305000","rango_adulto":"9+","precio_nino":"240000","rango_nino":"3 a 8 a\u00f1os"},"isla-mucura-tintipan":{"nombre":"Isla Mucura \/ Tintipan (Day Tour)","precio_cop":"300000","rango_adulto":"7+","precio_nino":"200000","rango_nino":"4 a 6 a\u00f1os"},"isla-palma":{"nombre":"Isla Palma (Day pass)","precio_cop":"490000","rango_adulto":"7+","precio_nino":"420000","rango_nino":"4 a 6 a\u00f1os"},"islas-del-rosario-5-destinos":{"nombre":"Islas del Rosario \/ 5 Destinos (Day Tour)","precio_cop":"340000","rango_adulto":"10+","precio_nino":"290000","rango_nino":"4 a 9 a\u00f1os"},"luxury-beach-day-pass":{"nombre":"Luxury Beach (Day pass)","precio_cop":"380000","rango_adulto":"10+","precio_nino":"270000","rango_nino":"3 a 9 a\u00f1os"},"luxury-beach-vip-day-pass":{"nombre":"Luxury Beach (VIP day pass)","precio_cop":"470000","rango_adulto":"10+","precio_nino":0,"rango_nino":""},"mantas-beach":{"nombre":"Mantas Beach (Day pass)","precio_cop":"330000","rango_adulto":"8+","precio_nino":"280000","rango_nino":"4 a 7 a\u00f1os"},"nena-beach":{"nombre":"Nena Beach (Day pass)","precio_cop":"280000","rango_adulto":"10+","precio_nino":"260000","rango_nino":"5 a 9 a\u00f1os"},"oceanario-baru":{"nombre":"Oceanario + Bar\u00fa (Day Tour)","precio_cop":"150000","rango_adulto":"11+","precio_nino":"120000","rango_nino":"4 a 10 a\u00f1os"},"palmarito-beach":{"nombre":"Palmarito Beach (Day pass)","precio_cop":"230000","rango_adulto":"11+","precio_nino":"180000","rango_nino":"4 a 10 a\u00f1os"},"pao-pao-beach-club":{"nombre":"Pao Pao Beach Club (Day pass)","precio_cop":"370000","rango_adulto":"12+","precio_nino":0,"rango_nino":""},"paue-beach-loung-day-pass":{"nombre":"Paue Beach Loung (Day pass)","precio_cop":"440000","rango_adulto":"8+","precio_nino":"280000","rango_nino":"4 a 7 a\u00f1os"},"playa-blanca-baru":{"nombre":"Playa Blanca, Bar\u00fa (Day Tour)","precio_cop":"90000","rango_adulto":"","precio_nino":"80000","rango_nino":"5 a 9 a\u00f1os"},"playa-tranquila-baru-day-pass":{"nombre":"Playa Tranquila, Bar\u00fa (Day pass)","precio_cop":"150000","rango_adulto":"11+","precio_nino":"130000","rango_nino":"5 a 10 a\u00f1os"},"rosario-del-mar":{"nombre":"Rosario del Mar (Day pass)","precio_cop":"410000","rango_adulto":"8+","precio_nino":"280000","rango_nino":"4 a 7 a\u00f1os"},"sabai-beach":{"nombre":"Sabai Beach (Day pass)","precio_cop":"440000","rango_adulto":"8+","precio_nino":"190000","rango_nino":"4 a 7 a\u00f1os"},"top-3-islas-del-rosario-day-tour":{"nombre":"Top 3 Islas del Rosario (Day Tour)","precio_cop":"420000","rango_adulto":"18+","precio_nino":0,"rango_nino":""},"tour-bahia":{"nombre":"Tour Bah\u00eda + Rumba","precio_cop":"100000","rango_adulto":"","precio_nino":"90000","rango_nino":"4 a 9 a\u00f1os"},"volcan-del-totumo":{"nombre":"Volc\u00e1n del Totumo (Day Tour)","precio_cop":"150000","rango_adulto":"10+","precio_nino":"130000","rango_nino":"4 a 9 a\u00f1os"},"mangata-beach":{"nombre":"Mangata Beach (Day pass)","precio_cop":"380000","rango_adulto":"4+","precio_nino":0,"rango_nino":""}}